<particles>
<!--     <particle id="2000" name="blood_heli" />
    <particle id="2001" name="boat_prop" />
    <particle id="2002" name="camflash" />
    <particle id="2003" name="carwashspray" />
    <particle id="2004" name="cement" />
    <particle id="2005" name="cloudfast" />
    <particle id="2006" name="coke_puff" />
    <particle id="2007" name="coke_trail" />
    <particle id="2008" name="cigarette_smoke" />
    <particle id="2009" name="explosion_barrel" />
    <particle id="2010" name="explosion_crate" />
    <particle id="2011" name="explosion_door" />
    <particle id="2012" name="exhale" />
    <particle id="2013" name="explosion_fuel_car" />
    <particle id="2014" name="explosion_large" />
    <particle id="2015" name="explosion_medium" />
    <particle id="2016" name="explosion_molotov" />
    <particle id="2017" name="explosion_small" />
    <particle id="2018" name="explosion_tiny" />
    <particle id="2019" name="extinguisher" />
    <particle id="2020" name="flame" />
    <particle id="2021" name="fire" />
    <particle id="2022" name="fire_med" />
    <particle id="2023" name="fire_large" />
    <particle id="2024" name="flamethrower" />
    <particle id="2025" name="fire_bike" />
    <particle id="2026" name="fire_car" />
    <particle id="2027" name="gunflash" />
    <particle id="2028" name="gunsmoke" />
    <particle id="2029" name="insects" />
    <particle id="2030" name="heli_dust" />
    <particle id="2031" name="jetpack" />
    <particle id="2032" name="jetthrust" />
    <particle id="2033" name="nitro" />
    <particle id="2034" name="molotov_flame" />
    <particle id="2035" name="overheat_car" />
    <particle id="2036" name="overheat_car_electric" />
    <particle id="2037" name="prt_boatsplash" />
    <particle id="2038" name="prt_cardebris" />
    <particle id="2039" name="prt_collisionsmoke" />
    <particle id="2040" name="prt_glass" />
    <particle id="2041" name="prt_gunshell" />
    <particle id="2042" name="prt_sand" />
    <particle id="2043" name="prt_sand2" />
    <particle id="2044" name="prt_smokeII_3_expand" />
    <particle id="2045" name="prt_smoke_huge" />
    <particle id="2046" name="prt_spark" />
    <particle id="2047" name="prt_spark_2" />
    <particle id="2048" name="prt_splash" />
    <particle id="2049" name="prt_wake" />
    <particle id="2050" name="prt_watersplash" />
    <particle id="2051" name="prt_wheeldirt" />
    <particle id="2052" name="petrolcan" />
    <particle id="2053" name="puke" />
    <particle id="2054" name="riot_smoke" />
    <particle id="2055" name="spraycan" />
    <particle id="2056" name="smoke30lit" />
    <particle id="2057" name="smoke30m" />
    <particle id="2058" name="smoke50lit" />
    <particle id="2059" name="shootlight" />
    <particle id="2060" name="smoke_flare" />
    <particle id="2061" name="tank_fire" />
    <particle id="2062" name="teargas" />
    <particle id="2063" name="teargasAD" />
    <particle id="2064" name="tree_hit_fir" />
    <particle id="2065" name="tree_hit_palm" />
    <particle id="2066" name="vent" />
    <particle id="2067" name="vent2" />
    <particle id="2068" name="water_hydrant" />
    <particle id="2069" name="water_ripples" />
    <particle id="2070" name="water_speed" />
    <particle id="2071" name="water_splash" />
    <particle id="2072" name="water_splash_big" />
    <particle id="2073" name="water_splsh_sml" />
    <particle id="2074" name="water_swim" />
    <particle id="2075" name="waterfall_end" />
    <particle id="2076" name="water_fnt_tme" />
    <particle id="2077" name="water_fountain" />
    <particle id="2078" name="wallbust" /> -->
    <particle id="2079" name="WS_factorysmoke" />
</particles>
